{"cameraMode":{"drawMode":0,"name":"Shaded","section":"Shading Mode"},"sceneLighting":true,"audioPlay":false,"sceneViewState":{"m_AlwaysRefresh":false,"showFog":true,"showSkybox":false,"showFlares":true,"showImageEffects":true,"showParticleSystems":true,"showVisualEffectGraphs":true,"m_FxEnabled":true},"in2DMode":false,"pivot":{"x":-0.48328426480293276,"y":1.0007928609848023,"z":-0.14159326255321504},"rotation":{"x":0.1562117338180542,"y":0.6943299770355225,"z":-0.15847451984882356,"w":0.6843977570533752},"size":1.7322494983673096,"orthographic":false}