{"cameraMode":{"drawMode":0,"name":"Shaded","section":"Shading Mode"},"sceneLighting":false,"audioPlay":false,"sceneViewState":{"m_AlwaysRefresh":false,"showFog":true,"showSkybox":false,"showFlares":true,"showImageEffects":true,"showParticleSystems":true,"showVisualEffectGraphs":true,"m_FxEnabled":true},"in2DMode":false,"pivot":{"x":0.029385000467300416,"y":0.2583772540092468,"z":-0.25342923402786257},"rotation":{"x":0.2363595962524414,"y":-0.6026333570480347,"z":0.19316314160823823,"w":0.7373413443565369},"size":1.12519109249115,"orthographic":false}